{
    "n": 1740,
    "rg_mode": 1.0,
    "rg_hpdi(50%)": [
        0.587,
        1.0
    ],
    "rg_hpdi(95%)": [
        0.063,
        1.0
    ],
    "rg=1_pval": 1.0,
    "hsq_est": 0.2687520368775861,
    "hsq_stderr": 0.19971978369158813
}