{
    "n": 16684,
    "rg_mode": 0.929,
    "rg_hpdi(50%)": [
        0.892,
        0.962
    ],
    "rg_hpdi(95%)": [
        0.806,
        1.0
    ],
    "rg=1_pval": 0.13544945447741483,
    "hsq_est": 0.2288608743725275,
    "hsq_stderr": 0.02442475992361161
}