{
    "n": 6995,
    "rg_mode": 0.999,
    "rg_hpdi(50%)": [
        0.653,
        1.0
    ],
    "rg_hpdi(95%)": [
        0.08,
        1.0
    ],
    "rg=1_pval": 0.9963344403626725,
    "hsq_est": 0.0974395900357186,
    "hsq_stderr": 0.046763682384380105
}