{
    "n": 11587,
    "rg_mode": 0.982,
    "rg_hpdi(50%)": [
        0.72,
        1.0
    ],
    "rg_hpdi(95%)": [
        0.10300000000000001,
        1.0
    ],
    "rg=1_pval": 0.8981820847693627,
    "hsq_est": 0.073974028945959,
    "hsq_stderr": 0.029627906152619392
}