{
    "n": 8321,
    "rg_mode": 0.995,
    "rg_hpdi(50%)": [
        0.9470000000000001,
        1.0
    ],
    "rg_hpdi(95%)": [
        0.8190000000000001,
        1.0
    ],
    "rg=1_pval": 0.940344858249799,
    "hsq_est": 0.2769063247323912,
    "hsq_stderr": 0.04566482948967109
}