{
    "n": 11005,
    "rg_mode": 1.0,
    "rg_hpdi(50%)": [
        0.558,
        1.0
    ],
    "rg_hpdi(95%)": [
        0.059000000000000004,
        1.0
    ],
    "rg=1_pval": 1.0,
    "hsq_est": 0.037481625495823956,
    "hsq_stderr": 0.02835943429173881
}