{
    "n": 7978,
    "rg_mode": 0.805,
    "rg_hpdi(50%)": [
        0.641,
        0.913
    ],
    "rg_hpdi(95%)": [
        0.162,
        1.0
    ],
    "rg=1_pval": 0.09041095868087068,
    "hsq_est": 0.1858251557246306,
    "hsq_stderr": 0.04582354060484394
}