{
    "n": 9646,
    "rg_mode": 0.6950000000000001,
    "rg_hpdi(50%)": [
        0.381,
        0.846
    ],
    "rg_hpdi(95%)": [
        0.0,
        0.931
    ],
    "rg=1_pval": 0.2697368669100446,
    "hsq_est": 0.06372068901885784,
    "hsq_stderr": 0.03453565727986461
}