{
    "n": 9929,
    "rg_mode": 0.788,
    "rg_hpdi(50%)": [
        0.582,
        0.909
    ],
    "rg_hpdi(95%)": [
        0.10300000000000001,
        0.994
    ],
    "rg=1_pval": 0.10236752797499785,
    "hsq_est": 0.13419614091549278,
    "hsq_stderr": 0.03569887864886223
}