{
    "n": 16705,
    "rg_mode": 0.902,
    "rg_hpdi(50%)": [
        0.873,
        0.928
    ],
    "rg_hpdi(95%)": [
        0.808,
        0.972
    ],
    "rg=1_pval": 0.004243695722899087,
    "hsq_est": 0.38773634595409007,
    "hsq_stderr": 0.025435812681167593
}