{
    "n": 16617,
    "rg_mode": 0.91,
    "rg_hpdi(50%)": [
        0.759,
        1.0
    ],
    "rg_hpdi(95%)": [
        0.163,
        1.0
    ],
    "rg=1_pval": 0.41852141231948425,
    "hsq_est": 0.07116982802663442,
    "hsq_stderr": 0.02050503522311563
}