{
    "n": 7753,
    "rg_mode": 1.0,
    "rg_hpdi(50%)": [
        0.852,
        1.0
    ],
    "rg_hpdi(95%)": [
        0.20700000000000002,
        1.0
    ],
    "rg=1_pval": 1.0,
    "hsq_est": 0.13229121694650536,
    "hsq_stderr": 0.04379295249946481
}