{
    "n": 9574,
    "rg_mode": 0.967,
    "rg_hpdi(50%)": [
        0.867,
        1.0
    ],
    "rg_hpdi(95%)": [
        0.386,
        1.0
    ],
    "rg=1_pval": 0.7346097651923965,
    "hsq_est": 0.14560803428780933,
    "hsq_stderr": 0.03717173303766478
}