{
    "n": 3650,
    "rg_mode": 0.228,
    "rg_hpdi(50%)": [
        0.0,
        0.41600000000000004
    ],
    "rg_hpdi(95%)": [
        0.0,
        0.872
    ],
    "rg=1_pval": 0.060754789923834616,
    "hsq_est": 0.20683033229774475,
    "hsq_stderr": 0.09153739193688269
}