{
    "n": 8597,
    "rg_mode": 0.839,
    "rg_hpdi(50%)": [
        0.6950000000000001,
        0.935
    ],
    "rg_hpdi(95%)": [
        0.20400000000000001,
        1.0
    ],
    "rg=1_pval": 0.12057162577884636,
    "hsq_est": 0.17668404213529462,
    "hsq_stderr": 0.0418571491773347
}