{
    "n": 4071,
    "rg_mode": 0.844,
    "rg_hpdi(50%)": [
        0.589,
        0.974
    ],
    "rg_hpdi(95%)": [
        0.079,
        1.0
    ],
    "rg=1_pval": 0.3586114760387856,
    "hsq_est": 0.21782360845015344,
    "hsq_stderr": 0.08384869334150792
}