{
    "n": 4078,
    "rg_mode": 1.0,
    "rg_hpdi(50%)": [
        0.632,
        1.0
    ],
    "rg_hpdi(95%)": [
        0.069,
        1.0
    ],
    "rg=1_pval": 1.0,
    "hsq_est": 0.12327919397470798,
    "hsq_stderr": 0.08221776131023163
}