{
    "n": 4089,
    "rg_mode": 0.92,
    "rg_hpdi(50%)": [
        0.612,
        1.0
    ],
    "rg_hpdi(95%)": [
        0.073,
        1.0
    ],
    "rg=1_pval": 0.6919457594434757,
    "hsq_est": 0.16223327294794665,
    "hsq_stderr": 0.08295552634544982
}