{
    "n": 11006,
    "rg_mode": 1.0,
    "rg_hpdi(50%)": [
        0.774,
        1.0
    ],
    "rg_hpdi(95%)": [
        0.11,
        1.0
    ],
    "rg=1_pval": 1.0,
    "hsq_est": 0.07278947362976008,
    "hsq_stderr": 0.032321847727437354
}