{
    "n": 14516,
    "rg_mode": 0.895,
    "rg_hpdi(50%)": [
        0.806,
        0.963
    ],
    "rg_hpdi(95%)": [
        0.47000000000000003,
        1.0
    ],
    "rg=1_pval": 0.24146684501526897,
    "hsq_est": 0.12421474886132332,
    "hsq_stderr": 0.025595830801418286
}