{
    "n": 9981,
    "rg_mode": 0.6960000000000001,
    "rg_hpdi(50%)": [
        0.526,
        0.812
    ],
    "rg_hpdi(95%)": [
        0.095,
        0.919
    ],
    "rg=1_pval": 0.005310954877192676,
    "hsq_est": 0.17617263968263558,
    "hsq_stderr": 0.03592572235305389
}