{
    "n": 8615,
    "rg_mode": 0.902,
    "rg_hpdi(50%)": [
        0.8310000000000001,
        0.9560000000000001
    ],
    "rg_hpdi(95%)": [
        0.609,
        1.0
    ],
    "rg=1_pval": 0.16711124751533907,
    "hsq_est": 0.251289179624353,
    "hsq_stderr": 0.0412089537462234
}