{
    "n": 9896,
    "rg_mode": 0.792,
    "rg_hpdi(50%)": [
        0.63,
        0.899
    ],
    "rg_hpdi(95%)": [
        0.166,
        0.999
    ],
    "rg=1_pval": 0.062469649842905,
    "hsq_est": 0.1545482447524191,
    "hsq_stderr": 0.0360162567585401
}