{
    "n": 10067,
    "rg_mode": 0.903,
    "rg_hpdi(50%)": [
        0.744,
        0.996
    ],
    "rg_hpdi(95%)": [
        0.149,
        1.0
    ],
    "rg=1_pval": 0.38259792449947616,
    "hsq_est": 0.12101780963965308,
    "hsq_stderr": 0.03486467792680306
}