cor,maf,mode,lower_ci,upper_ci,prob_reject
0.9,005,0.892,0.883,0.902,0.67
0.9,01,0.885,0.876,0.895,0.73
0.9,05,0.847,0.837,0.858,0.89
0.95,005,0.9430000000000001,0.935,0.9510000000000001,0.28
0.95,01,0.937,0.929,0.9450000000000001,0.35
0.95,05,0.906,0.896,0.914,0.63
1.0,005,1.0,0.996,1.0,0.06
1.0,01,0.998,0.991,1.0,0.06
1.0,05,0.966,0.9590000000000001,0.974,0.14
