prior,cor,mode,lower_ci,upper_ci,prob_reject
lt0,0.9,0.892,0.883,0.902,0.67
lt0,0.95,0.9430000000000001,0.935,0.9510000000000001,0.28
lt0,1.0,1.0,0.996,1.0,0.06
lt-1,0.9,0.8920000000000001,0.883,0.9020000000000001,0.67
lt-1,0.95,0.9430000000000001,0.935,0.9510000000000001,0.28
lt-1,1.0,1.0,0.996,1.0,0.06
