{
    "n": 4063,
    "rg_mode": 1.0,
    "rg_hpdi(50%)": [
        0.515,
        1.0
    ],
    "rg_hpdi(95%)": [
        0.052000000000000005,
        1.0
    ],
    "rg=1_pval": 1.0,
    "hsq_est": 0.04597662029126355,
    "hsq_stderr": 0.07028548299191509
}