{
    "n": 3767,
    "rg_mode": 0.381,
    "rg_hpdi(50%)": [
        [
            0.0,
            0.449
        ],
        [
            0.502,
            0.549
        ]
    ],
    "rg_hpdi(95%)": [
        0.0,
        0.9480000000000001
    ],
    "rg=1_pval": 0.7690502076947094,
    "hsq_est": -0.03257266506553088,
    "hsq_stderr": 0.015519928954044413
}