{
    "n": 4114,
    "rg_mode": 0.92,
    "rg_hpdi(50%)": [
        0.534,
        1.0
    ],
    "rg_hpdi(95%)": [
        0.056,
        1.0
    ],
    "rg=1_pval": 0.8157906166453064,
    "hsq_est": 0.09010610577021762,
    "hsq_stderr": 0.07156085291841378
}