{
    "n": 4127,
    "rg_mode": 0.983,
    "rg_hpdi(50%)": [
        0.674,
        1.0
    ],
    "rg_hpdi(95%)": [
        0.088,
        1.0
    ],
    "rg=1_pval": 0.9277331300890751,
    "hsq_est": 0.16240079003781643,
    "hsq_stderr": 0.08172847909920779
}