{
    "n": 4079,
    "rg_mode": 1.0,
    "rg_hpdi(50%)": [
        0.8180000000000001,
        1.0
    ],
    "rg_hpdi(95%)": [
        0.15,
        1.0
    ],
    "rg=1_pval": 1.0,
    "hsq_est": 0.2089016808747161,
    "hsq_stderr": 0.08728995900877816
}