{
    "n": 3898,
    "rg_mode": 0.972,
    "rg_hpdi(50%)": [
        0.852,
        1.0
    ],
    "rg_hpdi(95%)": [
        0.356,
        1.0
    ],
    "rg=1_pval": 0.8145660753157742,
    "hsq_est": 0.31567998572092654,
    "hsq_stderr": 0.08855573177174537
}