{
    "n": 4017,
    "rg_mode": 1.0,
    "rg_hpdi(50%)": [
        0.675,
        1.0
    ],
    "rg_hpdi(95%)": [
        0.075,
        1.0
    ],
    "rg=1_pval": 1.0,
    "hsq_est": 0.13962892388146197,
    "hsq_stderr": 0.08391022291741358
}