{
    "n": 3925,
    "rg_mode": 1.0,
    "rg_hpdi(50%)": [
        0.851,
        1.0
    ],
    "rg_hpdi(95%)": [
        0.266,
        1.0
    ],
    "rg=1_pval": 1.0,
    "hsq_est": 0.28315176070841347,
    "hsq_stderr": 0.08681150856338693
}