{
    "n": 3948,
    "rg_mode": 1.0,
    "rg_hpdi(50%)": [
        0.869,
        1.0
    ],
    "rg_hpdi(95%)": [
        0.371,
        1.0
    ],
    "rg=1_pval": 1.0,
    "hsq_est": 0.3117830454278426,
    "hsq_stderr": 0.09046424338046632
}