{
    "n": 4083,
    "rg_mode": 0.764,
    "rg_hpdi(50%)": [
        0.47100000000000003,
        0.913
    ],
    "rg_hpdi(95%)": [
        0.04,
        0.976
    ],
    "rg=1_pval": 0.30937267097191307,
    "hsq_est": 0.17387765439636008,
    "hsq_stderr": 0.08153397701730436
}