{
    "n": 4100,
    "rg_mode": 0.911,
    "rg_hpdi(50%)": [
        0.8280000000000001,
        0.978
    ],
    "rg_hpdi(95%)": [
        0.508,
        1.0
    ],
    "rg=1_pval": 0.3707401991953895,
    "hsq_est": 0.4304522833956828,
    "hsq_stderr": 0.0885691712555676
}