{
    "n": 3892,
    "rg_mode": 0.991,
    "rg_hpdi(50%)": [
        0.838,
        1.0
    ],
    "rg_hpdi(95%)": [
        0.261,
        1.0
    ],
    "rg=1_pval": 0.9408207575163702,
    "hsq_est": 0.2768948750089178,
    "hsq_stderr": 0.08825672074794444
}