{
    "n": 3900,
    "rg_mode": 0.8220000000000001,
    "rg_hpdi(50%)": [
        0.591,
        0.9490000000000001
    ],
    "rg_hpdi(95%)": [
        0.092,
        1.0
    ],
    "rg=1_pval": 0.2357333166910179,
    "hsq_est": 0.26646476901899935,
    "hsq_stderr": 0.08207455073481455
}