{
    "n": 3571,
    "rg_mode": 1.0,
    "rg_hpdi(50%)": [
        0.936,
        1.0
    ],
    "rg_hpdi(95%)": [
        0.655,
        1.0
    ],
    "rg=1_pval": 1.0,
    "hsq_est": 0.35242601270031215,
    "hsq_stderr": 0.09790753175875304
}