{
    "n": 3935,
    "rg_mode": 0.972,
    "rg_hpdi(50%)": [
        0.8300000000000001,
        1.0
    ],
    "rg_hpdi(95%)": [
        0.263,
        1.0
    ],
    "rg=1_pval": 0.8152148574669962,
    "hsq_est": 0.3017866905821115,
    "hsq_stderr": 0.08696801434268348
}