{
    "n": 3935,
    "rg_mode": 1.0,
    "rg_hpdi(50%)": [
        [
            0.0,
            0.182
        ],
        [
            0.758,
            1.0
        ]
    ],
    "rg_hpdi(95%)": [
        [
            0.0,
            0.596
        ],
        [
            0.656,
            1.0
        ]
    ],
    "rg=1_pval": 1.0,
    "hsq_est": 0.12885313261793505,
    "hsq_stderr": 0.08567449427139723
}