{
    "n": 3852,
    "rg_mode": 1.0,
    "rg_hpdi(50%)": [
        0.616,
        1.0
    ],
    "rg_hpdi(95%)": [
        0.067,
        1.0
    ],
    "rg=1_pval": 1.0,
    "hsq_est": 0.12380446118217533,
    "hsq_stderr": 0.0859697531425704
}