{
    "n": 1668,
    "rg_mode": 0.0,
    "rg_hpdi(50%)": [
        0.0,
        0.315
    ],
    "rg_hpdi(95%)": [
        0.0,
        0.784
    ],
    "rg=1_pval": 0.012266061386215034,
    "hsq_est": 0.3381314535393126,
    "hsq_stderr": 0.16450336380977892
}