{
    "n": 3613,
    "rg_mode": 0.883,
    "rg_hpdi(50%)": [
        0.5740000000000001,
        1.0
    ],
    "rg_hpdi(95%)": [
        0.065,
        1.0
    ],
    "rg=1_pval": 0.5803617201558456,
    "hsq_est": 0.16836461068560718,
    "hsq_stderr": 0.08458045654300735
}