{
    "n": 4140,
    "rg_mode": 1.0,
    "rg_hpdi(50%)": [
        0.786,
        1.0
    ],
    "rg_hpdi(95%)": [
        0.127,
        1.0
    ],
    "rg=1_pval": 1.0,
    "hsq_est": 0.18350558454442298,
    "hsq_stderr": 0.07353759360407038
}