{
    "n": 3948,
    "rg_mode": 0.617,
    "rg_hpdi(50%)": [
        0.353,
        0.775
    ],
    "rg_hpdi(95%)": [
        0.0,
        0.895
    ],
    "rg=1_pval": 0.08296685347160286,
    "hsq_est": 0.2123515196291246,
    "hsq_stderr": 0.08561443923860365
}