{
    "n": 4090,
    "rg_mode": 1.0,
    "rg_hpdi(50%)": [
        0.55,
        1.0
    ],
    "rg_hpdi(95%)": [
        0.057,
        1.0
    ],
    "rg=1_pval": 1.0,
    "hsq_est": 0.08364621465017803,
    "hsq_stderr": 0.08169268336770007
}