{
    "n": 3948,
    "rg_mode": 0.8290000000000001,
    "rg_hpdi(50%)": [
        0.5640000000000001,
        0.965
    ],
    "rg_hpdi(95%)": [
        0.075,
        1.0
    ],
    "rg=1_pval": 0.3597866865945182,
    "hsq_est": 0.20185340136941768,
    "hsq_stderr": 0.07600019901311583
}