{
    "n": 3044,
    "rg_mode": 1.0,
    "rg_hpdi(50%)": [
        0.893,
        1.0
    ],
    "rg_hpdi(95%)": [
        0.358,
        1.0
    ],
    "rg=1_pval": 1.0,
    "hsq_est": 0.3600729638885579,
    "hsq_stderr": 0.11237234202693254
}