{
    "n": 4017,
    "rg_mode": 1.0,
    "rg_hpdi(50%)": [
        0.586,
        1.0
    ],
    "rg_hpdi(95%)": [
        0.059000000000000004,
        1.0
    ],
    "rg=1_pval": 1.0,
    "hsq_est": 0.13410956323600684,
    "hsq_stderr": 0.08638965735374105
}