{
    "n": 3324,
    "rg_mode": 0.0,
    "rg_hpdi(50%)": [
        0.0,
        0.46900000000000003
    ],
    "rg_hpdi(95%)": [
        0.0,
        0.937
    ],
    "rg=1_pval": 0.3981190984969981,
    "hsq_est": 0.054575743915389524,
    "hsq_stderr": 0.07461958047101286
}