{
    "n": 28747,
    "rg_mode": 0.996,
    "rg_hpdi(50%)": [
        0.976,
        1.0
    ],
    "rg_hpdi(95%)": [
        0.925,
        1.0
    ],
    "rg=1_pval": 0.8918977301573735,
    "hsq_est": 0.2272600390905334,
    "hsq_stderr": 0.01676338330412515
}