{
    "n": 28765,
    "rg_mode": 1.0,
    "rg_hpdi(50%)": [
        0.97,
        1.0
    ],
    "rg_hpdi(95%)": [
        0.883,
        1.0
    ],
    "rg=1_pval": 1.0,
    "hsq_est": 0.09449624372897372,
    "hsq_stderr": 0.01507577612463911
}