{
    "n": 8539,
    "rg_mode": 0.969,
    "rg_hpdi(50%)": [
        0.912,
        1.0
    ],
    "rg_hpdi(95%)": [
        0.653,
        1.0
    ],
    "rg=1_pval": 0.6611564128818457,
    "hsq_est": 0.24086618329271986,
    "hsq_stderr": 0.04863299293002382
}