{
    "n": 28764,
    "rg_mode": 0.98,
    "rg_hpdi(50%)": [
        0.9430000000000001,
        1.0
    ],
    "rg_hpdi(95%)": [
        0.8200000000000001,
        1.0
    ],
    "rg=1_pval": 0.7390947696479354,
    "hsq_est": 0.09884888207856754,
    "hsq_stderr": 0.015349020196001671
}