{
    "n": 28800,
    "rg_mode": 0.9520000000000001,
    "rg_hpdi(50%)": [
        0.936,
        0.967
    ],
    "rg_hpdi(95%)": [
        0.904,
        0.994
    ],
    "rg=1_pval": 0.030454853067812714,
    "hsq_est": 0.41322654018511773,
    "hsq_stderr": 0.01710762847691451
}