{
    "n": 8513,
    "rg_mode": 0.835,
    "rg_hpdi(50%)": [
        0.513,
        0.966
    ],
    "rg_hpdi(95%)": [
        0.059000000000000004,
        1.0
    ],
    "rg=1_pval": 0.4590782423512093,
    "hsq_est": 0.07526799056597024,
    "hsq_stderr": 0.04002399721428443
}