{
    "n": 28765,
    "rg_mode": 1.0,
    "rg_hpdi(50%)": [
        0.9490000000000001,
        1.0
    ],
    "rg_hpdi(95%)": [
        0.79,
        1.0
    ],
    "rg=1_pval": 1.0,
    "hsq_est": 0.06850614307120512,
    "hsq_stderr": 0.014212099437372925
}