{
    "n": 8676,
    "rg_mode": 0.861,
    "rg_hpdi(50%)": [
        0.639,
        0.974
    ],
    "rg_hpdi(95%)": [
        0.097,
        1.0
    ],
    "rg=1_pval": 0.27908253667206695,
    "hsq_est": 0.12852867225437334,
    "hsq_stderr": 0.04107487353218825
}