{
    "n": 8698,
    "rg_mode": 0.891,
    "rg_hpdi(50%)": [
        0.778,
        0.966
    ],
    "rg_hpdi(95%)": [
        0.28600000000000003,
        1.0
    ],
    "rg=1_pval": 0.19624063127143496,
    "hsq_est": 0.19532216976913122,
    "hsq_stderr": 0.042902269315289454
}