{
    "n": 26689,
    "rg_mode": 0.989,
    "rg_hpdi(50%)": [
        0.9560000000000001,
        1.0
    ],
    "rg_hpdi(95%)": [
        0.859,
        1.0
    ],
    "rg=1_pval": 0.8343711225114256,
    "hsq_est": 0.12494644448332139,
    "hsq_stderr": 0.01673913045700845
}